eeg_file,prob_target,prediction,model,threshold,prediction_rule,background_count
sub01_sess3_epoch002.npy,0.05782844384541547,background,ensemble_mean,0.445,threshold,100
sub01_sess3_epoch004.npy,0.4583844193330112,target,ensemble_mean,0.445,threshold,100
sub01_sess3_epoch005.npy,0.6478536484482804,target,ensemble_mean,0.445,threshold,100
sub01_sess3_epoch009.npy,0.03408806562607381,background,ensemble_mean,0.445,threshold,100
sub01_sess3_epoch012.npy,0.07185755687647377,background,ensemble_mean,0.445,threshold,100
sub01_sess3_epoch014.npy,0.1011948902550612,background,ensemble_mean,0.445,threshold,100
sub01_sess3_epoch016.npy,0.8865935993608849,target,ensemble_mean,0.445,threshold,100
sub01_sess3_epoch017.npy,0.10764892239778914,background,ensemble_mean,0.445,threshold,100
sub01_sess3_epoch018.npy,0.943777435661252,target,ensemble_mean,0.445,threshold,100
sub01_sess3_epoch020.npy,0.9507821313257804,target,ensemble_mean,0.445,threshold,100
sub01_sess3_epoch022.npy,0.9540745193225808,target,ensemble_mean,0.445,threshold,100
sub01_sess3_epoch023.npy,0.07229016079327441,background,ensemble_mean,0.445,threshold,100
sub01_sess3_epoch024.npy,0.9047405578448704,target,ensemble_mean,0.445,threshold,100
sub01_sess3_epoch026.npy,0.14001841477190874,background,ensemble_mean,0.445,threshold,100
sub01_sess3_epoch028.npy,0.1285833320365354,background,ensemble_mean,0.445,threshold,100
sub01_sess3_epoch029.npy,0.25935776231809105,background,ensemble_mean,0.445,threshold,100
sub01_sess3_epoch032.npy,0.20505420564653506,background,ensemble_mean,0.445,threshold,100
sub01_sess3_epoch033.npy,0.43261702981112904,background,ensemble_mean,0.445,threshold,100
sub01_sess3_epoch035.npy,0.2179190660474842,background,ensemble_mean,0.445,threshold,100
sub01_sess3_epoch037.npy,0.13889398310833753,background,ensemble_mean,0.445,threshold,100
sub01_sess3_epoch038.npy,0.6174841578726167,target,ensemble_mean,0.445,threshold,100
sub01_sess3_epoch040.npy,0.934229304221763,target,ensemble_mean,0.445,threshold,100
sub01_sess3_epoch042.npy,0.24576042167157244,background,ensemble_mean,0.445,threshold,100
sub01_sess3_epoch044.npy,0.28983017115783605,background,ensemble_mean,0.445,threshold,100
sub01_sess3_epoch046.npy,0.3163652887192064,background,ensemble_mean,0.445,threshold,100
sub01_sess3_epoch047.npy,0.3343883787989391,background,ensemble_mean,0.445,threshold,100
sub01_sess3_epoch049.npy,0.6146305129136129,target,ensemble_mean,0.445,threshold,100
sub01_sess3_epoch050.npy,0.8010221374911364,target,ensemble_mean,0.445,threshold,100
sub01_sess3_epoch052.npy,0.40771692696420103,background,ensemble_mean,0.445,threshold,100
sub01_sess3_epoch053.npy,0.5635087872592102,target,ensemble_mean,0.445,threshold,100
sub01_sess3_epoch056.npy,0.04610653361783346,background,ensemble_mean,0.445,threshold,100
sub01_sess3_epoch058.npy,0.14335045640047978,background,ensemble_mean,0.445,threshold,100
sub01_sess3_epoch060.npy,0.9105706784892316,target,ensemble_mean,0.445,threshold,100
sub01_sess3_epoch062.npy,0.10616173095799383,background,ensemble_mean,0.445,threshold,100
sub01_sess3_epoch063.npy,0.40741304924402727,background,ensemble_mean,0.445,threshold,100
sub01_sess3_epoch065.npy,0.21632818478631685,background,ensemble_mean,0.445,threshold,100
sub01_sess3_epoch068.npy,0.240365145294255,background,ensemble_mean,0.445,threshold,100
sub01_sess3_epoch069.npy,0.33297447032337085,background,ensemble_mean,0.445,threshold,100
sub01_sess3_epoch072.npy,0.3839018176711012,background,ensemble_mean,0.445,threshold,100
sub01_sess3_epoch073.npy,0.4139260140994973,background,ensemble_mean,0.445,threshold,100
sub01_sess3_epoch075.npy,0.496354577522437,target,ensemble_mean,0.445,threshold,100
sub01_sess3_epoch076.npy,0.47767294107860436,target,ensemble_mean,0.445,threshold,100
sub01_sess3_epoch078.npy,0.539304696641864,target,ensemble_mean,0.445,threshold,100
sub01_sess3_epoch079.npy,0.6162702684190737,target,ensemble_mean,0.445,threshold,100
sub01_sess3_epoch082.npy,0.29988812329325903,background,ensemble_mean,0.445,threshold,100
sub01_sess3_epoch083.npy,0.5270946381418516,target,ensemble_mean,0.445,threshold,100
sub01_sess3_epoch085.npy,0.14965018317570572,background,ensemble_mean,0.445,threshold,100
sub01_sess3_epoch087.npy,0.4264865494029079,background,ensemble_mean,0.445,threshold,100
sub01_sess3_epoch088.npy,0.4127838744793729,background,ensemble_mean,0.445,threshold,100
sub01_sess3_epoch090.npy,0.956933844819227,target,ensemble_mean,0.445,threshold,100
sub01_sess3_epoch092.npy,0.19758088102983268,background,ensemble_mean,0.445,threshold,100
sub01_sess3_epoch094.npy,0.7337966948660767,target,ensemble_mean,0.445,threshold,100
sub01_sess3_epoch095.npy,0.17857280007014953,background,ensemble_mean,0.445,threshold,100
sub01_sess3_epoch097.npy,0.16637732184918735,background,ensemble_mean,0.445,threshold,100
sub01_sess3_epoch098.npy,0.524237170926077,target,ensemble_mean,0.445,threshold,100
sub01_sess3_epoch100.npy,0.8206133423445141,target,ensemble_mean,0.445,threshold,100
sub01_sess3_epoch102.npy,0.06547782856219853,background,ensemble_mean,0.445,threshold,100
sub01_sess3_epoch104.npy,0.32297655153582844,background,ensemble_mean,0.445,threshold,100
sub01_sess3_epoch105.npy,0.78556635732584,target,ensemble_mean,0.445,threshold,100
sub01_sess3_epoch107.npy,0.45380697752856813,target,ensemble_mean,0.445,threshold,100
sub01_sess3_epoch108.npy,0.2226402399252712,background,ensemble_mean,0.445,threshold,100
sub01_sess3_epoch110.npy,0.9255403500120287,target,ensemble_mean,0.445,threshold,100
sub01_sess3_epoch112.npy,0.9069391244327178,target,ensemble_mean,0.445,threshold,100
sub01_sess3_epoch113.npy,0.441132254294872,background,ensemble_mean,0.445,threshold,100
sub01_sess3_epoch114.npy,0.9691599415711657,target,ensemble_mean,0.445,threshold,100
sub01_sess3_epoch116.npy,0.4168379816791557,background,ensemble_mean,0.445,threshold,100
sub01_sess3_epoch118.npy,0.69620178903271,target,ensemble_mean,0.445,threshold,100
sub01_sess3_epoch119.npy,0.3777316784192,background,ensemble_mean,0.445,threshold,100
sub01_sess3_epoch122.npy,0.14581771931391435,background,ensemble_mean,0.445,threshold,100
sub01_sess3_epoch124.npy,0.21881608997366925,background,ensemble_mean,0.445,threshold,100
sub01_sess3_epoch125.npy,0.5047110136446982,target,ensemble_mean,0.445,threshold,100
sub01_sess3_epoch127.npy,0.21742850353911422,background,ensemble_mean,0.445,threshold,100
sub01_sess3_epoch128.npy,0.25073642291981924,background,ensemble_mean,0.445,threshold,100
sub01_sess3_epoch130.npy,0.9293587522317269,target,ensemble_mean,0.445,threshold,100
sub01_sess3_epoch132.npy,0.29089585872517343,background,ensemble_mean,0.445,threshold,100
sub01_sess3_epoch133.npy,0.6806270052939543,target,ensemble_mean,0.445,threshold,100
sub01_sess3_epoch135.npy,0.4224934220837377,background,ensemble_mean,0.445,threshold,100
sub01_sess3_epoch136.npy,0.23786020462800953,background,ensemble_mean,0.445,threshold,100
sub01_sess3_epoch138.npy,0.10777498599225503,background,ensemble_mean,0.445,threshold,100
sub01_sess3_epoch142.npy,0.36777303288809954,background,ensemble_mean,0.445,threshold,100
sub01_sess3_epoch143.npy,0.27973288273699276,background,ensemble_mean,0.445,threshold,100
sub01_sess3_epoch146.npy,0.11382870803757579,background,ensemble_mean,0.445,threshold,100
sub01_sess3_epoch148.npy,0.38624341263440176,background,ensemble_mean,0.445,threshold,100
sub01_sess3_epoch149.npy,0.6227500584660236,target,ensemble_mean,0.445,threshold,100
sub01_sess3_epoch152.npy,0.07788701629296649,background,ensemble_mean,0.445,threshold,100
sub01_sess3_epoch154.npy,0.2898041443570266,background,ensemble_mean,0.445,threshold,100
sub01_sess3_epoch155.npy,0.15256291968189628,background,ensemble_mean,0.445,threshold,100
sub01_sess3_epoch157.npy,0.9456344066157069,target,ensemble_mean,0.445,threshold,100
sub01_sess3_epoch158.npy,0.12079773805004224,background,ensemble_mean,0.445,threshold,100
sub01_sess3_epoch159.npy,0.9464561694358185,target,ensemble_mean,0.445,threshold,100
sub01_sess3_epoch162.npy,0.29962909179319863,background,ensemble_mean,0.445,threshold,100
sub01_sess3_epoch164.npy,0.2691139238376865,background,ensemble_mean,0.445,threshold,100
sub01_sess3_epoch165.npy,0.6212276813119418,target,ensemble_mean,0.445,threshold,100
sub01_sess3_epoch167.npy,0.3382305971574008,background,ensemble_mean,0.445,threshold,100
sub01_sess3_epoch168.npy,0.16163497019158793,background,ensemble_mean,0.445,threshold,100
sub01_sess3_epoch170.npy,0.9418540054947085,target,ensemble_mean,0.445,threshold,100
sub01_sess3_epoch172.npy,0.11401082730965091,background,ensemble_mean,0.445,threshold,100
sub01_sess3_epoch174.npy,0.9782389213182905,target,ensemble_mean,0.445,threshold,100
sub01_sess3_epoch175.npy,0.24860037138965976,background,ensemble_mean,0.445,threshold,100
sub01_sess3_epoch176.npy,0.9379786410262841,target,ensemble_mean,0.445,threshold,100
sub01_sess3_epoch178.npy,0.36557021493536684,background,ensemble_mean,0.445,threshold,100
sub01_sess3_epoch179.npy,0.37140767887541737,background,ensemble_mean,0.445,threshold,100
sub01_sess3_epoch182.npy,0.14445185239385128,background,ensemble_mean,0.445,threshold,100
sub01_sess3_epoch183.npy,0.19943180074504788,background,ensemble_mean,0.445,threshold,100
sub01_sess3_epoch185.npy,0.19892664247904515,background,ensemble_mean,0.445,threshold,100
sub01_sess3_epoch187.npy,0.9241622215258376,target,ensemble_mean,0.445,threshold,100
sub01_sess3_epoch188.npy,0.3640226159020686,background,ensemble_mean,0.445,threshold,100
sub01_sess3_epoch189.npy,0.9630132813914987,target,ensemble_mean,0.445,threshold,100
sub01_sess3_epoch192.npy,0.119551817169537,background,ensemble_mean,0.445,threshold,100
sub01_sess3_epoch193.npy,0.37664605596978773,background,ensemble_mean,0.445,threshold,100
sub01_sess3_epoch195.npy,0.34318152523621437,background,ensemble_mean,0.445,threshold,100
sub01_sess3_epoch196.npy,0.36346475397904976,background,ensemble_mean,0.445,threshold,100
sub01_sess3_epoch198.npy,0.4307209587161619,background,ensemble_mean,0.445,threshold,100
sub01_sess3_epoch200.npy,0.879007119815585,target,ensemble_mean,0.445,threshold,100
sub01_sess3_epoch202.npy,0.38999166904713933,background,ensemble_mean,0.445,threshold,100
sub01_sess3_epoch203.npy,0.5291716146585531,target,ensemble_mean,0.445,threshold,100
sub01_sess3_epoch205.npy,0.17173560477084457,background,ensemble_mean,0.445,threshold,100
sub01_sess3_epoch206.npy,0.32835317488645943,background,ensemble_mean,0.445,threshold,100
sub01_sess3_epoch208.npy,0.36627086001333314,background,ensemble_mean,0.445,threshold,100
sub01_sess3_epoch209.npy,0.3383205220701629,background,ensemble_mean,0.445,threshold,100
sub01_sess3_epoch212.npy,0.1916548278798753,background,ensemble_mean,0.445,threshold,100
sub01_sess3_epoch213.npy,0.5206873592241863,target,ensemble_mean,0.445,threshold,100
sub01_sess3_epoch215.npy,0.9622613226709731,target,ensemble_mean,0.445,threshold,100
sub01_sess3_epoch216.npy,0.2301574599380814,background,ensemble_mean,0.445,threshold,100
sub01_sess3_epoch217.npy,0.9494988527821973,target,ensemble_mean,0.445,threshold,100
sub01_sess3_epoch219.npy,0.2783180397724562,background,ensemble_mean,0.445,threshold,100
sub01_sess3_epoch223.npy,0.32622678947410877,background,ensemble_mean,0.445,threshold,100
sub01_sess3_epoch224.npy,0.5501596752236608,target,ensemble_mean,0.445,threshold,100
sub01_sess3_epoch226.npy,0.936819343936507,target,ensemble_mean,0.445,threshold,100
sub01_sess3_epoch227.npy,0.2564314940668765,background,ensemble_mean,0.445,threshold,100
sub01_sess3_epoch228.npy,0.9635798970795186,target,ensemble_mean,0.445,threshold,100
sub01_sess3_epoch230.npy,0.9558159645391706,target,ensemble_mean,0.445,threshold,100
sub01_sess3_epoch232.npy,0.26654946432767496,background,ensemble_mean,0.445,threshold,100
sub01_sess3_epoch234.npy,0.575158534352102,target,ensemble_mean,0.445,threshold,100
sub01_sess3_epoch235.npy,0.37194014252778446,background,ensemble_mean,0.445,threshold,100
sub01_sess3_epoch237.npy,0.9394275552622846,target,ensemble_mean,0.445,threshold,100
sub01_sess3_epoch238.npy,0.13756265518116653,background,ensemble_mean,0.445,threshold,100
sub01_sess3_epoch239.npy,0.9648209910748473,target,ensemble_mean,0.445,threshold,100
sub01_sess3_epoch242.npy,0.3095031593710761,background,ensemble_mean,0.445,threshold,100
sub01_sess3_epoch243.npy,0.28929576296880516,background,ensemble_mean,0.445,threshold,100
sub01_sess3_epoch245.npy,0.249756663823092,background,ensemble_mean,0.445,threshold,100
sub01_sess3_epoch246.npy,0.2604679381492775,background,ensemble_mean,0.445,threshold,100
sub01_sess3_epoch248.npy,0.22743812567019858,background,ensemble_mean,0.445,threshold,100
sub01_sess3_epoch250.npy,0.8984088581554653,target,ensemble_mean,0.445,threshold,100
sub01_sess3_epoch252.npy,0.07847089859097764,background,ensemble_mean,0.445,threshold,100
sub01_sess3_epoch256.npy,0.11904293005175284,background,ensemble_mean,0.445,threshold,100
sub01_sess3_epoch258.npy,0.2061273910861825,background,ensemble_mean,0.445,threshold,100
sub01_sess3_epoch259.npy,0.5485136694001096,target,ensemble_mean,0.445,threshold,100
sub01_sess3_epoch262.npy,0.05493401474734515,background,ensemble_mean,0.445,threshold,100
sub01_sess3_epoch264.npy,0.9661927083219,target,ensemble_mean,0.445,threshold,100
sub01_sess3_epoch265.npy,0.30108286916352406,background,ensemble_mean,0.445,threshold,100
sub01_sess3_epoch266.npy,0.9463935471958094,target,ensemble_mean,0.445,threshold,100
sub01_sess3_epoch268.npy,0.3602028255388471,background,ensemble_mean,0.445,threshold,100
sub01_sess3_epoch269.npy,0.4938118431886863,target,ensemble_mean,0.445,threshold,100
sub01_sess3_epoch272.npy,0.4505808159172967,target,ensemble_mean,0.445,threshold,100
sub01_sess3_epoch273.npy,0.514762594441639,target,ensemble_mean,0.445,threshold,100
sub01_sess3_epoch275.npy,0.5123599852026743,target,ensemble_mean,0.445,threshold,100
sub01_sess3_epoch276.npy,0.27144992521715344,background,ensemble_mean,0.445,threshold,100
sub01_sess3_epoch278.npy,0.14627374337407795,background,ensemble_mean,0.445,threshold,100
sub01_sess3_epoch279.npy,0.676374208022511,target,ensemble_mean,0.445,threshold,100
sub01_sess3_epoch282.npy,0.9190917442383382,target,ensemble_mean,0.445,threshold,100
sub01_sess3_epoch283.npy,0.2560068280627187,background,ensemble_mean,0.445,threshold,100
sub01_sess3_epoch284.npy,0.955496383428726,target,ensemble_mean,0.445,threshold,100
sub01_sess3_epoch286.npy,0.1761137821463724,background,ensemble_mean,0.445,threshold,100
sub01_sess3_epoch288.npy,0.19663122549390155,background,ensemble_mean,0.445,threshold,100
sub01_sess3_epoch290.npy,0.9028299728645142,target,ensemble_mean,0.445,threshold,100
sub01_sess3_epoch292.npy,0.38988480513455587,background,ensemble_mean,0.445,threshold,100
sub01_sess3_epoch293.npy,0.22632267585537483,background,ensemble_mean,0.445,threshold,100
sub01_sess3_epoch295.npy,0.10768874664488295,background,ensemble_mean,0.445,threshold,100
sub01_sess3_epoch297.npy,0.9287430072580249,target,ensemble_mean,0.445,threshold,100
sub01_sess3_epoch298.npy,0.49629530849716474,target,ensemble_mean,0.445,threshold,100
sub01_sess3_epoch299.npy,0.9254068802320916,target,ensemble_mean,0.445,threshold,100
sub02_sess3_epoch002.npy,0.060361254530550926,background,ensemble_mean,0.445,threshold,100
sub02_sess3_epoch004.npy,0.29273832440992587,background,ensemble_mean,0.445,threshold,100
sub02_sess3_epoch005.npy,0.3561372221885713,background,ensemble_mean,0.445,threshold,100
sub02_sess3_epoch007.npy,0.15057761308587225,background,ensemble_mean,0.445,threshold,100
sub02_sess3_epoch008.npy,0.7200668708354183,target,ensemble_mean,0.445,threshold,100
sub02_sess3_epoch010.npy,0.9389117310996479,target,ensemble_mean,0.445,threshold,100
sub02_sess3_epoch012.npy,0.09362192781832408,background,ensemble_mean,0.445,threshold,100
sub02_sess3_epoch014.npy,0.8184004745524263,target,ensemble_mean,0.445,threshold,100
sub02_sess3_epoch015.npy,0.45554518988354353,target,ensemble_mean,0.445,threshold,100
sub02_sess3_epoch018.npy,0.0392442765399264,background,ensemble_mean,0.445,threshold,100
sub02_sess3_epoch020.npy,0.9543689214540707,target,ensemble_mean,0.445,threshold,100
sub02_sess3_epoch022.npy,0.053604852838729636,background,ensemble_mean,0.445,threshold,100
sub02_sess3_epoch024.npy,0.5444965980126619,target,ensemble_mean,0.445,threshold,100
sub02_sess3_epoch025.npy,0.3796015989967513,background,ensemble_mean,0.445,threshold,100
sub02_sess3_epoch027.npy,0.3147142889135385,background,ensemble_mean,0.445,threshold,100
sub02_sess3_epoch028.npy,0.2914880290267844,background,ensemble_mean,0.445,threshold,100
sub02_sess3_epoch030.npy,0.938507665753383,target,ensemble_mean,0.445,threshold,100
sub02_sess3_epoch032.npy,0.14561386504677065,background,ensemble_mean,0.445,threshold,100
sub02_sess3_epoch034.npy,0.6366592390697343,target,ensemble_mean,0.445,threshold,100
sub02_sess3_epoch035.npy,0.21711047275615108,background,ensemble_mean,0.445,threshold,100
sub02_sess3_epoch038.npy,0.443487122962485,background,ensemble_mean,0.445,threshold,100
sub02_sess3_epoch039.npy,0.649905418714142,target,ensemble_mean,0.445,threshold,100
sub02_sess3_epoch042.npy,0.057639718706841314,background,ensemble_mean,0.445,threshold,100
sub02_sess3_epoch044.npy,0.85264356724068,target,ensemble_mean,0.445,threshold,100
sub02_sess3_epoch045.npy,0.20626323545517442,background,ensemble_mean,0.445,threshold,100
sub02_sess3_epoch047.npy,0.9191745526891182,target,ensemble_mean,0.445,threshold,100
sub02_sess3_epoch048.npy,0.8099283374627856,target,ensemble_mean,0.445,threshold,100
sub02_sess3_epoch050.npy,0.8530302920237602,target,ensemble_mean,0.445,threshold,100
sub02_sess3_epoch052.npy,0.14591034855029655,background,ensemble_mean,0.445,threshold,100
sub02_sess3_epoch054.npy,0.19367776037955658,background,ensemble_mean,0.445,threshold,100
sub02_sess3_epoch058.npy,0.054888920583160306,background,ensemble_mean,0.445,threshold,100
sub02_sess3_epoch062.npy,0.06988629340853994,background,ensemble_mean,0.445,threshold,100
sub02_sess3_epoch064.npy,0.9483605980840603,target,ensemble_mean,0.445,threshold,100
sub02_sess3_epoch065.npy,0.10531232965087003,background,ensemble_mean,0.445,threshold,100
sub02_sess3_epoch066.npy,0.8812035395004078,target,ensemble_mean,0.445,threshold,100
sub02_sess3_epoch068.npy,0.720534365828814,target,ensemble_mean,0.445,threshold,100
sub02_sess3_epoch069.npy,0.0930541047010226,background,ensemble_mean,0.445,threshold,100
sub02_sess3_epoch072.npy,0.09253345302339504,background,ensemble_mean,0.445,threshold,100
sub02_sess3_epoch074.npy,0.6390928277648887,target,ensemble_mean,0.445,threshold,100
sub02_sess3_epoch075.npy,0.152455027200224,background,ensemble_mean,0.445,threshold,100
sub02_sess3_epoch077.npy,0.9614339997600704,target,ensemble_mean,0.445,threshold,100
sub02_sess3_epoch078.npy,0.1048349066430225,background,ensemble_mean,0.445,threshold,100
sub02_sess3_epoch079.npy,0.9758892696137673,target,ensemble_mean,0.445,threshold,100
sub02_sess3_epoch083.npy,0.2594707488249467,background,ensemble_mean,0.445,threshold,100
sub02_sess3_epoch084.npy,0.30130072530874286,background,ensemble_mean,0.445,threshold,100
sub02_sess3_epoch086.npy,0.15334935909820632,background,ensemble_mean,0.445,threshold,100
sub02_sess3_epoch087.npy,0.12269665208071161,background,ensemble_mean,0.445,threshold,100
sub02_sess3_epoch089.npy,0.11411066269555178,background,ensemble_mean,0.445,threshold,100
sub02_sess3_epoch092.npy,0.25189523395525476,background,ensemble_mean,0.445,threshold,100
sub02_sess3_epoch093.npy,0.5255904430833589,target,ensemble_mean,0.445,threshold,100
sub02_sess3_epoch095.npy,0.15730903835183468,background,ensemble_mean,0.445,threshold,100
sub02_sess3_epoch096.npy,0.5597990189732795,target,ensemble_mean,0.445,threshold,100
sub02_sess3_epoch099.npy,0.031120838919939497,background,ensemble_mean,0.445,threshold,100
sub02_sess3_epoch102.npy,0.06799148123426878,background,ensemble_mean,0.445,threshold,100
sub02_sess3_epoch104.npy,0.4678055277065399,target,ensemble_mean,0.445,threshold,100
sub02_sess3_epoch105.npy,0.6142301349279375,target,ensemble_mean,0.445,threshold,100
sub02_sess3_epoch108.npy,0.03625670899581753,background,ensemble_mean,0.445,threshold,100
sub02_sess3_epoch112.npy,0.7326960130261507,target,ensemble_mean,0.445,threshold,100
sub02_sess3_epoch113.npy,0.178085290284649,background,ensemble_mean,0.445,threshold,100
sub02_sess3_epoch116.npy,0.05382425965000439,background,ensemble_mean,0.445,threshold,100
sub02_sess3_epoch118.npy,0.185653261680081,background,ensemble_mean,0.445,threshold,100
sub02_sess3_epoch120.npy,0.9119411643536965,target,ensemble_mean,0.445,threshold,100
sub02_sess3_epoch122.npy,0.09772544392741558,background,ensemble_mean,0.445,threshold,100
sub02_sess3_epoch124.npy,0.9648227369248262,target,ensemble_mean,0.445,threshold,100
sub02_sess3_epoch125.npy,0.054481185503153465,background,ensemble_mean,0.445,threshold,100
sub02_sess3_epoch126.npy,0.9372950306306034,target,ensemble_mean,0.445,threshold,100
sub02_sess3_epoch128.npy,0.17691139357087332,background,ensemble_mean,0.445,threshold,100
sub02_sess3_epoch129.npy,0.24913557899725433,background,ensemble_mean,0.445,threshold,100
sub02_sess3_epoch132.npy,0.08027373570830934,background,ensemble_mean,0.445,threshold,100
sub02_sess3_epoch135.npy,0.4176277441527182,background,ensemble_mean,0.445,threshold,100
sub02_sess3_epoch136.npy,0.2363229498858442,background,ensemble_mean,0.445,threshold,100
sub02_sess3_epoch138.npy,0.4629394532633347,target,ensemble_mean,0.445,threshold,100
sub02_sess3_epoch139.npy,0.7539976009101738,target,ensemble_mean,0.445,threshold,100
sub02_sess3_epoch142.npy,0.16473010709113142,background,ensemble_mean,0.445,threshold,100
sub02_sess3_epoch145.npy,0.048309643136089285,background,ensemble_mean,0.445,threshold,100
sub02_sess3_epoch147.npy,0.3485376349907071,background,ensemble_mean,0.445,threshold,100
sub02_sess3_epoch148.npy,0.16644598616351144,background,ensemble_mean,0.445,threshold,100
sub02_sess3_epoch150.npy,0.9339216502405941,target,ensemble_mean,0.445,threshold,100
sub02_sess3_epoch152.npy,0.0601434967979695,background,ensemble_mean,0.445,threshold,100
sub02_sess3_epoch154.npy,0.28112171493271676,background,ensemble_mean,0.445,threshold,100
sub02_sess3_epoch156.npy,0.9480985783228144,target,ensemble_mean,0.445,threshold,100
sub02_sess3_epoch157.npy,0.24192461867720572,background,ensemble_mean,0.445,threshold,100
sub02_sess3_epoch158.npy,0.9696071483380967,target,ensemble_mean,0.445,threshold,100
sub02_sess3_epoch160.npy,0.9048978249434342,target,ensemble_mean,0.445,threshold,100
sub02_sess3_epoch162.npy,0.959038671849398,target,ensemble_mean,0.445,threshold,100
sub02_sess3_epoch163.npy,0.15089717239612932,background,ensemble_mean,0.445,threshold,100
sub02_sess3_epoch164.npy,0.9436506047153752,target,ensemble_mean,0.445,threshold,100
sub02_sess3_epoch166.npy,0.23122918180812535,background,ensemble_mean,0.445,threshold,100
sub02_sess3_epoch167.npy,0.2995929754456579,background,ensemble_mean,0.445,threshold,100
sub02_sess3_epoch169.npy,0.04990111930090331,background,ensemble_mean,0.445,threshold,100
sub02_sess3_epoch172.npy,0.18894209682548405,background,ensemble_mean,0.445,threshold,100
sub02_sess3_epoch174.npy,0.14846396464833095,background,ensemble_mean,0.445,threshold,100
sub02_sess3_epoch175.npy,0.13636669731146442,background,ensemble_mean,0.445,threshold,100
sub02_sess3_epoch177.npy,0.12904515784013726,background,ensemble_mean,0.445,threshold,100
sub02_sess3_epoch178.npy,0.3092864868110919,background,ensemble_mean,0.445,threshold,100
sub02_sess3_epoch180.npy,0.8539605224697064,target,ensemble_mean,0.445,threshold,100
sub02_sess3_epoch182.npy,0.12679519485834684,background,ensemble_mean,0.445,threshold,100
sub02_sess3_epoch184.npy,0.44943885243737725,target,ensemble_mean,0.445,threshold,100
sub02_sess3_epoch185.npy,0.6413010608517519,target,ensemble_mean,0.445,threshold,100
sub02_sess3_epoch187.npy,0.4509862821659299,target,ensemble_mean,0.445,threshold,100
sub02_sess3_epoch188.npy,0.25707565815902106,background,ensemble_mean,0.445,threshold,100
sub02_sess3_epoch190.npy,0.9010491126908013,target,ensemble_mean,0.445,threshold,100
sub02_sess3_epoch192.npy,0.4171482194380648,background,ensemble_mean,0.445,threshold,100
sub02_sess3_epoch193.npy,0.5489258311563994,target,ensemble_mean,0.445,threshold,100
sub02_sess3_epoch195.npy,0.18398536277330652,background,ensemble_mean,0.445,threshold,100
sub02_sess3_epoch197.npy,0.9769799264368227,target,ensemble_mean,0.445,threshold,100
sub02_sess3_epoch198.npy,0.3974465653812663,background,ensemble_mean,0.445,threshold,100
sub02_sess3_epoch199.npy,0.9648125792164137,target,ensemble_mean,0.445,threshold,100
sub02_sess3_epoch202.npy,0.17763022025279857,background,ensemble_mean,0.445,threshold,100
sub02_sess3_epoch204.npy,0.07334515231121579,background,ensemble_mean,0.445,threshold,100
sub02_sess3_epoch207.npy,0.959453150045087,target,ensemble_mean,0.445,threshold,100
sub02_sess3_epoch208.npy,0.1573882549101852,background,ensemble_mean,0.445,threshold,100
sub02_sess3_epoch209.npy,0.9624600053064938,target,ensemble_mean,0.445,threshold,100
sub02_sess3_epoch212.npy,0.16089940257214427,background,ensemble_mean,0.445,threshold,100
sub02_sess3_epoch214.npy,0.8320006477327849,target,ensemble_mean,0.445,threshold,100
sub02_sess3_epoch215.npy,0.16078718133960163,background,ensemble_mean,0.445,threshold,100
sub02_sess3_epoch217.npy,0.941919143181298,target,ensemble_mean,0.445,threshold,100
sub02_sess3_epoch218.npy,0.14076962281935798,background,ensemble_mean,0.445,threshold,100
sub02_sess3_epoch219.npy,0.9455026070427577,target,ensemble_mean,0.445,threshold,100
sub02_sess3_epoch223.npy,0.06764282376508263,background,ensemble_mean,0.445,threshold,100
sub02_sess3_epoch225.npy,0.11039903661899678,background,ensemble_mean,0.445,threshold,100
sub02_sess3_epoch228.npy,0.12692076023264273,background,ensemble_mean,0.445,threshold,100
sub02_sess3_epoch230.npy,0.9155664149636669,target,ensemble_mean,0.445,threshold,100
sub02_sess3_epoch232.npy,0.6953881040718815,target,ensemble_mean,0.445,threshold,100
sub02_sess3_epoch233.npy,0.18692147685878255,background,ensemble_mean,0.445,threshold,100
sub02_sess3_epoch235.npy,0.29176837333917804,background,ensemble_mean,0.445,threshold,100
sub02_sess3_epoch237.npy,0.9825831336145654,target,ensemble_mean,0.445,threshold,100
sub02_sess3_epoch238.npy,0.06522268419998459,background,ensemble_mean,0.445,threshold,100
sub02_sess3_epoch239.npy,0.968438115271774,target,ensemble_mean,0.445,threshold,100
sub02_sess3_epoch242.npy,0.17317433616674702,background,ensemble_mean,0.445,threshold,100
sub02_sess3_epoch243.npy,0.35540062402036804,background,ensemble_mean,0.445,threshold,100
sub02_sess3_epoch245.npy,0.9550390411106028,target,ensemble_mean,0.445,threshold,100
sub02_sess3_epoch246.npy,0.1493312837877174,background,ensemble_mean,0.445,threshold,100
sub02_sess3_epoch247.npy,0.929060179596976,target,ensemble_mean,0.445,threshold,100
sub02_sess3_epoch249.npy,0.1489960068733308,background,ensemble_mean,0.445,threshold,100
sub02_sess3_epoch252.npy,0.1527103512603824,background,ensemble_mean,0.445,threshold,100
sub02_sess3_epoch253.npy,0.561033506440354,target,ensemble_mean,0.445,threshold,100
sub02_sess3_epoch255.npy,0.4481531028912532,target,ensemble_mean,0.445,threshold,100
sub02_sess3_epoch256.npy,0.9105887805633859,target,ensemble_mean,0.445,threshold,100
sub02_sess3_epoch258.npy,0.19439825396669996,background,ensemble_mean,0.445,threshold,100
sub02_sess3_epoch259.npy,0.2305505308868206,background,ensemble_mean,0.445,threshold,100
sub02_sess3_epoch262.npy,0.45991686152531114,target,ensemble_mean,0.445,threshold,100
sub02_sess3_epoch263.npy,0.48105612824770905,target,ensemble_mean,0.445,threshold,100
sub02_sess3_epoch265.npy,0.6120392455064321,target,ensemble_mean,0.445,threshold,100
sub02_sess3_epoch267.npy,0.35386965559721745,background,ensemble_mean,0.445,threshold,100
sub02_sess3_epoch268.npy,0.8378278350012607,target,ensemble_mean,0.445,threshold,100
sub02_sess3_epoch270.npy,0.866506399297067,target,ensemble_mean,0.445,threshold,100
sub02_sess3_epoch273.npy,0.08644004950476018,background,ensemble_mean,0.445,threshold,100
sub02_sess3_epoch275.npy,0.03577360946049303,background,ensemble_mean,0.445,threshold,100
sub02_sess3_epoch278.npy,0.047711043429580144,background,ensemble_mean,0.445,threshold,100
sub02_sess3_epoch282.npy,0.1240069104539534,background,ensemble_mean,0.445,threshold,100
sub02_sess3_epoch284.npy,0.08938871689890804,background,ensemble_mean,0.445,threshold,100
sub02_sess3_epoch285.npy,0.15332510627199003,background,ensemble_mean,0.445,threshold,100
sub02_sess3_epoch288.npy,0.06813988999992618,background,ensemble_mean,0.445,threshold,100
sub02_sess3_epoch290.npy,0.8969650738748449,target,ensemble_mean,0.445,threshold,100
sub02_sess3_epoch292.npy,0.04359785502616127,background,ensemble_mean,0.445,threshold,100
sub02_sess3_epoch294.npy,0.9760738879778055,target,ensemble_mean,0.445,threshold,100
sub02_sess3_epoch295.npy,0.04420027581272588,background,ensemble_mean,0.445,threshold,100
sub02_sess3_epoch296.npy,0.9463488393189715,target,ensemble_mean,0.445,threshold,100
sub02_sess3_epoch298.npy,0.26263117813360803,background,ensemble_mean,0.445,threshold,100
sub02_sess3_epoch299.npy,0.2703058127440342,background,ensemble_mean,0.445,threshold,100
sub03_sess3_epoch002.npy,0.7923545145249374,target,ensemble_mean,0.445,threshold,100
sub03_sess3_epoch003.npy,0.07118398109882776,background,ensemble_mean,0.445,threshold,100
sub03_sess3_epoch005.npy,0.11548371959040468,background,ensemble_mean,0.445,threshold,100
sub03_sess3_epoch007.npy,0.973993153369047,target,ensemble_mean,0.445,threshold,100
sub03_sess3_epoch008.npy,0.10745626221147012,background,ensemble_mean,0.445,threshold,100
sub03_sess3_epoch009.npy,0.9652892575312915,target,ensemble_mean,0.445,threshold,100
sub03_sess3_epoch012.npy,0.08485161941151245,background,ensemble_mean,0.445,threshold,100
sub03_sess3_epoch014.npy,0.9128485996983446,target,ensemble_mean,0.445,threshold,100
sub03_sess3_epoch015.npy,0.28926116367088717,background,ensemble_mean,0.445,threshold,100
sub03_sess3_epoch017.npy,0.9596386714794887,target,ensemble_mean,0.445,threshold,100
sub03_sess3_epoch018.npy,0.14552971799702424,background,ensemble_mean,0.445,threshold,100
sub03_sess3_epoch019.npy,0.9597364157678809,target,ensemble_mean,0.445,threshold,100
sub03_sess3_epoch022.npy,0.6748792271218216,target,ensemble_mean,0.445,threshold,100
sub03_sess3_epoch023.npy,0.20645015535603678,background,ensemble_mean,0.445,threshold,100
sub03_sess3_epoch025.npy,0.5568237264469452,target,ensemble_mean,0.445,threshold,100
sub03_sess3_epoch026.npy,0.1368905493857256,background,ensemble_mean,0.445,threshold,100
sub03_sess3_epoch028.npy,0.10186351562975693,background,ensemble_mean,0.445,threshold,100
sub03_sess3_epoch030.npy,0.9669447825512278,target,ensemble_mean,0.445,threshold,100
sub03_sess3_epoch032.npy,0.3150619619053181,background,ensemble_mean,0.445,threshold,100
sub03_sess3_epoch033.npy,0.5497200668823888,target,ensemble_mean,0.445,threshold,100
sub03_sess3_epoch035.npy,0.2339063813463013,background,ensemble_mean,0.445,threshold,100
sub03_sess3_epoch036.npy,0.7107224563261305,target,ensemble_mean,0.445,threshold,100
sub03_sess3_epoch038.npy,0.31210388764924135,background,ensemble_mean,0.445,threshold,100
sub03_sess3_epoch040.npy,0.9103321211702149,target,ensemble_mean,0.445,threshold,100
sub03_sess3_epoch042.npy,0.06325946548992305,background,ensemble_mean,0.445,threshold,100
sub03_sess3_epoch044.npy,0.08516288723555648,background,ensemble_mean,0.445,threshold,100
sub03_sess3_epoch045.npy,0.47397944173841877,target,ensemble_mean,0.445,threshold,100
sub03_sess3_epoch047.npy,0.26750183431865815,background,ensemble_mean,0.445,threshold,100
sub03_sess3_epoch048.npy,0.35061892277242573,background,ensemble_mean,0.445,threshold,100
sub03_sess3_epoch050.npy,0.9714174087103034,target,ensemble_mean,0.445,threshold,100
sub03_sess3_epoch052.npy,0.7659707264730734,target,ensemble_mean,0.445,threshold,100
sub03_sess3_epoch053.npy,0.9081593151710183,target,ensemble_mean,0.445,threshold,100
sub03_sess3_epoch055.npy,0.6093238522246237,target,ensemble_mean,0.445,threshold,100
sub03_sess3_epoch056.npy,0.9100808637112745,target,ensemble_mean,0.445,threshold,100
sub03_sess3_epoch058.npy,0.8332607145923389,target,ensemble_mean,0.445,threshold,100
sub03_sess3_epoch059.npy,0.10847585673714025,background,ensemble_mean,0.445,threshold,100
sub03_sess3_epoch062.npy,0.7236155947965163,target,ensemble_mean,0.445,threshold,100
sub03_sess3_epoch063.npy,0.3334598982600076,background,ensemble_mean,0.445,threshold,100
sub03_sess3_epoch065.npy,0.41255600062154896,background,ensemble_mean,0.445,threshold,100
sub03_sess3_epoch066.npy,0.160152058729052,background,ensemble_mean,0.445,threshold,100
sub03_sess3_epoch068.npy,0.8630299245459334,target,ensemble_mean,0.445,threshold,100
sub03_sess3_epoch069.npy,0.05356786702372375,background,ensemble_mean,0.445,threshold,100
sub03_sess3_epoch072.npy,0.8649643581910299,target,ensemble_mean,0.445,threshold,100
sub03_sess3_epoch073.npy,0.1347157382099997,background,ensemble_mean,0.445,threshold,100
sub03_sess3_epoch075.npy,0.7381554587524255,target,ensemble_mean,0.445,threshold,100
sub03_sess3_epoch076.npy,0.17243715539568724,background,ensemble_mean,0.445,threshold,100
sub03_sess3_epoch078.npy,0.7035323887032333,target,ensemble_mean,0.445,threshold,100
sub03_sess3_epoch079.npy,0.36631501318591636,background,ensemble_mean,0.445,threshold,100
sub03_sess3_epoch082.npy,0.965654909924257,target,ensemble_mean,0.445,threshold,100
sub03_sess3_epoch083.npy,0.22275690702262851,background,ensemble_mean,0.445,threshold,100
sub03_sess3_epoch084.npy,0.9788853972694381,target,ensemble_mean,0.445,threshold,100
sub03_sess3_epoch086.npy,0.09883395578637091,background,ensemble_mean,0.445,threshold,100
sub03_sess3_epoch088.npy,0.04854172440987591,background,ensemble_mean,0.445,threshold,100
sub03_sess3_epoch090.npy,0.9300727816613688,target,ensemble_mean,0.445,threshold,100
sub03_sess3_epoch092.npy,0.1851067904724273,background,ensemble_mean,0.445,threshold,100
sub03_sess3_epoch093.npy,0.22278529747368575,background,ensemble_mean,0.445,threshold,100
sub03_sess3_epoch095.npy,0.25024954733631743,background,ensemble_mean,0.445,threshold,100
sub03_sess3_epoch096.npy,0.09338909870140408,background,ensemble_mean,0.445,threshold,100
sub03_sess3_epoch098.npy,0.08966982743238316,background,ensemble_mean,0.445,threshold,100
sub03_sess3_epoch100.npy,0.9116409550396758,target,ensemble_mean,0.445,threshold,100
sub03_sess3_epoch102.npy,0.3300277878546237,background,ensemble_mean,0.445,threshold,100
sub03_sess3_epoch103.npy,0.4045403597584027,background,ensemble_mean,0.445,threshold,100
sub03_sess3_epoch105.npy,0.8420453469246787,target,ensemble_mean,0.445,threshold,100
sub03_sess3_epoch106.npy,0.10182837400207094,background,ensemble_mean,0.445,threshold,100
sub03_sess3_epoch108.npy,0.32736898519711716,background,ensemble_mean,0.445,threshold,100
sub03_sess3_epoch110.npy,0.8140494803256623,target,ensemble_mean,0.445,threshold,100
sub03_sess3_epoch112.npy,0.2411728583129375,background,ensemble_mean,0.445,threshold,100
sub03_sess3_epoch113.npy,0.3384100627608098,background,ensemble_mean,0.445,threshold,100
sub03_sess3_epoch115.npy,0.5137592465039393,target,ensemble_mean,0.445,threshold,100
sub03_sess3_epoch116.npy,0.1908725045445232,background,ensemble_mean,0.445,threshold,100
sub03_sess3_epoch118.npy,0.305870659432841,background,ensemble_mean,0.445,threshold,100
sub03_sess3_epoch119.npy,0.4652127948050599,target,ensemble_mean,0.445,threshold,100
sub03_sess3_epoch122.npy,0.09677421184602227,background,ensemble_mean,0.445,threshold,100
sub03_sess3_epoch124.npy,0.18368018548130977,background,ensemble_mean,0.445,threshold,100
sub03_sess3_epoch125.npy,0.8376730362976806,target,ensemble_mean,0.445,threshold,100
sub03_sess3_epoch127.npy,0.38440644571561344,background,ensemble_mean,0.445,threshold,100
sub03_sess3_epoch128.npy,0.1908951214141099,background,ensemble_mean,0.445,threshold,100
sub03_sess3_epoch130.npy,0.9024862966437615,target,ensemble_mean,0.445,threshold,100
sub03_sess3_epoch132.npy,0.14136982485347102,background,ensemble_mean,0.445,threshold,100
sub03_sess3_epoch134.npy,0.9585331687904427,target,ensemble_mean,0.445,threshold,100
sub03_sess3_epoch135.npy,0.6613287026071882,target,ensemble_mean,0.445,threshold,100
sub03_sess3_epoch136.npy,0.98387343829007,target,ensemble_mean,0.445,threshold,100
sub03_sess3_epoch138.npy,0.3323117950420949,background,ensemble_mean,0.445,threshold,100
sub03_sess3_epoch139.npy,0.6368244736823733,target,ensemble_mean,0.445,threshold,100
sub03_sess3_epoch142.npy,0.9666515368732469,target,ensemble_mean,0.445,threshold,100
sub03_sess3_epoch143.npy,0.10697572106784874,background,ensemble_mean,0.445,threshold,100
sub03_sess3_epoch144.npy,0.9677579231197146,target,ensemble_mean,0.445,threshold,100
sub03_sess3_epoch146.npy,0.09593307627043182,background,ensemble_mean,0.445,threshold,100
sub03_sess3_epoch148.npy,0.06783165275728062,background,ensemble_mean,0.445,threshold,100
sub03_sess3_epoch150.npy,0.939248962290451,target,ensemble_mean,0.445,threshold,100
sub03_sess3_epoch152.npy,0.2936290528887474,background,ensemble_mean,0.445,threshold,100
sub03_sess3_epoch153.npy,0.20270930644511456,background,ensemble_mean,0.445,threshold,100
sub03_sess3_epoch155.npy,0.0669841050935636,background,ensemble_mean,0.445,threshold,100
sub03_sess3_epoch157.npy,0.9295652273997097,target,ensemble_mean,0.445,threshold,100
sub03_sess3_epoch158.npy,0.09316578148179602,background,ensemble_mean,0.445,threshold,100
sub03_sess3_epoch159.npy,0.9684336509280239,target,ensemble_mean,0.445,threshold,100
sub03_sess3_epoch162.npy,0.7156618026286603,target,ensemble_mean,0.445,threshold,100
sub03_sess3_epoch163.npy,0.09926229118950765,background,ensemble_mean,0.445,threshold,100
sub03_sess3_epoch166.npy,0.200136801432577,background,ensemble_mean,0.445,threshold,100
sub03_sess3_epoch167.npy,0.7433065419122868,target,ensemble_mean,0.445,threshold,100
sub03_sess3_epoch169.npy,0.14184560317567912,background,ensemble_mean,0.445,threshold,100
sub03_sess3_epoch172.npy,0.40058086088203854,background,ensemble_mean,0.445,threshold,100
sub03_sess3_epoch173.npy,0.139532204717483,background,ensemble_mean,0.445,threshold,100
sub03_sess3_epoch175.npy,0.8316878861688354,target,ensemble_mean,0.445,threshold,100
sub03_sess3_epoch176.npy,0.21164003958380725,background,ensemble_mean,0.445,threshold,100
sub03_sess3_epoch178.npy,0.8943920341036729,target,ensemble_mean,0.445,threshold,100
sub03_sess3_epoch179.npy,0.42245339581689006,background,ensemble_mean,0.445,threshold,100
sub03_sess3_epoch182.npy,0.030377381226354187,background,ensemble_mean,0.445,threshold,100
sub03_sess3_epoch184.npy,0.2881470678047472,background,ensemble_mean,0.445,threshold,100
sub03_sess3_epoch186.npy,0.9582109699482737,target,ensemble_mean,0.445,threshold,100
sub03_sess3_epoch187.npy,0.08782101213455432,background,ensemble_mean,0.445,threshold,100
sub03_sess3_epoch188.npy,0.9777804599982683,target,ensemble_mean,0.445,threshold,100
sub03_sess3_epoch190.npy,0.9658551127568418,target,ensemble_mean,0.445,threshold,100
sub03_sess3_epoch192.npy,0.8606959589376435,target,ensemble_mean,0.445,threshold,100
sub03_sess3_epoch193.npy,0.32713587498655816,background,ensemble_mean,0.445,threshold,100
sub03_sess3_epoch195.npy,0.9507076818938138,target,ensemble_mean,0.445,threshold,100
sub03_sess3_epoch196.npy,0.45843737621615943,target,ensemble_mean,0.445,threshold,100
sub03_sess3_epoch197.npy,0.9765927247461889,target,ensemble_mean,0.445,threshold,100
sub03_sess3_epoch199.npy,0.4085451971805332,background,ensemble_mean,0.445,threshold,100
sub03_sess3_epoch202.npy,0.5372718087132314,target,ensemble_mean,0.445,threshold,100
sub03_sess3_epoch203.npy,0.24336366910718527,background,ensemble_mean,0.445,threshold,100
sub03_sess3_epoch205.npy,0.38364483523850146,background,ensemble_mean,0.445,threshold,100
sub03_sess3_epoch206.npy,0.5752414761218249,target,ensemble_mean,0.445,threshold,100
sub03_sess3_epoch208.npy,0.19995397614557317,background,ensemble_mean,0.445,threshold,100
sub03_sess3_epoch209.npy,0.5261890898317189,target,ensemble_mean,0.445,threshold,100
sub03_sess3_epoch212.npy,0.9456440109084415,target,ensemble_mean,0.445,threshold,100
sub03_sess3_epoch213.npy,0.11978219292703655,background,ensemble_mean,0.445,threshold,100
sub03_sess3_epoch214.npy,0.9609456676673908,target,ensemble_mean,0.445,threshold,100
sub03_sess3_epoch216.npy,0.06677230594723693,background,ensemble_mean,0.445,threshold,100
sub03_sess3_epoch218.npy,0.6099183733068687,target,ensemble_mean,0.445,threshold,100
sub03_sess3_epoch219.npy,0.18800409162863196,background,ensemble_mean,0.445,threshold,100
sub03_sess3_epoch222.npy,0.8540128474113079,target,ensemble_mean,0.445,threshold,100
sub03_sess3_epoch223.npy,0.4066182777920589,background,ensemble_mean,0.445,threshold,100
sub03_sess3_epoch225.npy,0.4417519178225799,background,ensemble_mean,0.445,threshold,100
sub03_sess3_epoch226.npy,0.7292778700933393,target,ensemble_mean,0.445,threshold,100
sub03_sess3_epoch228.npy,0.30885180431915404,background,ensemble_mean,0.445,threshold,100
sub03_sess3_epoch229.npy,0.6819957063119475,target,ensemble_mean,0.445,threshold,100
sub03_sess3_epoch232.npy,0.43103663056152064,background,ensemble_mean,0.445,threshold,100
sub03_sess3_epoch233.npy,0.3433439330858608,background,ensemble_mean,0.445,threshold,100
sub03_sess3_epoch235.npy,0.3796335849847693,background,ensemble_mean,0.445,threshold,100
sub03_sess3_epoch237.npy,0.7090134355983506,target,ensemble_mean,0.445,threshold,100
sub03_sess3_epoch238.npy,0.14010321156067773,background,ensemble_mean,0.445,threshold,100
sub03_sess3_epoch240.npy,0.8919532800565715,target,ensemble_mean,0.445,threshold,100
sub03_sess3_epoch242.npy,0.10057283510727635,background,ensemble_mean,0.445,threshold,100
sub03_sess3_epoch244.npy,0.43726585757478914,background,ensemble_mean,0.445,threshold,100
sub03_sess3_epoch245.npy,0.2185532021029703,background,ensemble_mean,0.445,threshold,100
sub03_sess3_epoch247.npy,0.9837515482815997,target,ensemble_mean,0.445,threshold,100
sub03_sess3_epoch248.npy,0.11223452612239712,background,ensemble_mean,0.445,threshold,100
sub03_sess3_epoch249.npy,0.9842341798025316,target,ensemble_mean,0.445,threshold,100
sub03_sess3_epoch252.npy,0.4389876963093758,background,ensemble_mean,0.445,threshold,100
sub03_sess3_epoch253.npy,0.1430928926259131,background,ensemble_mean,0.445,threshold,100
sub03_sess3_epoch255.npy,0.7451476633881341,target,ensemble_mean,0.445,threshold,100
sub03_sess3_epoch256.npy,0.16896721358597833,background,ensemble_mean,0.445,threshold,100
sub03_sess3_epoch259.npy,0.0802608649853321,background,ensemble_mean,0.445,threshold,100
sub03_sess3_epoch262.npy,0.45714770383112846,target,ensemble_mean,0.445,threshold,100
sub03_sess3_epoch263.npy,0.8092870295534151,target,ensemble_mean,0.445,threshold,100
sub03_sess3_epoch265.npy,0.8938466531249603,target,ensemble_mean,0.445,threshold,100
sub03_sess3_epoch266.npy,0.7756882726916625,target,ensemble_mean,0.445,threshold,100
sub03_sess3_epoch268.npy,0.3374941444691838,background,ensemble_mean,0.445,threshold,100
sub03_sess3_epoch270.npy,0.906952290120468,target,ensemble_mean,0.445,threshold,100
sub03_sess3_epoch272.npy,0.17741380456118755,background,ensemble_mean,0.445,threshold,100
sub03_sess3_epoch274.npy,0.31693526025922975,background,ensemble_mean,0.445,threshold,100
sub03_sess3_epoch275.npy,0.18746652698944358,background,ensemble_mean,0.445,threshold,100
sub03_sess3_epoch277.npy,0.8092096252726559,target,ensemble_mean,0.445,threshold,100
sub03_sess3_epoch278.npy,0.5889250875907788,target,ensemble_mean,0.445,threshold,100
sub03_sess3_epoch280.npy,0.8545097398878072,target,ensemble_mean,0.445,threshold,100
sub03_sess3_epoch282.npy,0.06493741631198287,background,ensemble_mean,0.445,threshold,100
sub03_sess3_epoch284.npy,0.4514193964274913,target,ensemble_mean,0.445,threshold,100
sub03_sess3_epoch285.npy,0.6122521857808134,target,ensemble_mean,0.445,threshold,100
sub03_sess3_epoch287.npy,0.31522685757712765,background,ensemble_mean,0.445,threshold,100
sub03_sess3_epoch288.npy,0.21384348171846482,background,ensemble_mean,0.445,threshold,100
sub03_sess3_epoch290.npy,0.8742304164627223,target,ensemble_mean,0.445,threshold,100
sub03_sess3_epoch292.npy,0.9541989490898306,target,ensemble_mean,0.445,threshold,100
sub03_sess3_epoch293.npy,0.28949009265665177,background,ensemble_mean,0.445,threshold,100
sub03_sess3_epoch294.npy,0.9754837409427177,target,ensemble_mean,0.445,threshold,100
sub03_sess3_epoch296.npy,0.32526580497605234,background,ensemble_mean,0.445,threshold,100
sub03_sess3_epoch297.npy,0.5390439048144806,target,ensemble_mean,0.445,threshold,100
sub03_sess3_epoch299.npy,0.08385501109454235,background,ensemble_mean,0.445,threshold,100
sub04_sess3_epoch002.npy,0.4237976793605367,background,ensemble_mean,0.445,threshold,100
sub04_sess3_epoch003.npy,0.10330825681120721,background,ensemble_mean,0.445,threshold,100
sub04_sess3_epoch005.npy,0.44181536515471975,background,ensemble_mean,0.445,threshold,100
sub04_sess3_epoch006.npy,0.42969681498759166,background,ensemble_mean,0.445,threshold,100
sub04_sess3_epoch008.npy,0.4404855936149673,background,ensemble_mean,0.445,threshold,100
sub04_sess3_epoch009.npy,0.15764145650189584,background,ensemble_mean,0.445,threshold,100
sub04_sess3_epoch012.npy,0.04212879620138345,background,ensemble_mean,0.445,threshold,100
sub04_sess3_epoch015.npy,0.551953736163797,target,ensemble_mean,0.445,threshold,100
sub04_sess3_epoch016.npy,0.6761741038327117,target,ensemble_mean,0.445,threshold,100
sub04_sess3_epoch018.npy,0.5103220207046533,target,ensemble_mean,0.445,threshold,100
sub04_sess3_epoch019.npy,0.3697287111355671,background,ensemble_mean,0.445,threshold,100
sub04_sess3_epoch022.npy,0.6338568516883771,target,ensemble_mean,0.445,threshold,100
sub04_sess3_epoch023.npy,0.2571705785539997,background,ensemble_mean,0.445,threshold,100
sub04_sess3_epoch025.npy,0.5793710149415934,target,ensemble_mean,0.445,threshold,100
sub04_sess3_epoch026.npy,0.8507577452328929,target,ensemble_mean,0.445,threshold,100
sub04_sess3_epoch028.npy,0.05706227175022297,background,ensemble_mean,0.445,threshold,100
sub04_sess3_epoch030.npy,0.8831679852835188,target,ensemble_mean,0.445,threshold,100
sub04_sess3_epoch032.npy,0.09762443308842275,background,ensemble_mean,0.445,threshold,100
sub04_sess3_epoch035.npy,0.11363126447080592,background,ensemble_mean,0.445,threshold,100
sub04_sess3_epoch037.npy,0.22538619650885178,background,ensemble_mean,0.445,threshold,100
sub04_sess3_epoch038.npy,0.6992516454045278,target,ensemble_mean,0.445,threshold,100
sub04_sess3_epoch040.npy,0.8937052561622136,target,ensemble_mean,0.445,threshold,100
sub04_sess3_epoch043.npy,0.3015839470173308,background,ensemble_mean,0.445,threshold,100
sub04_sess3_epoch044.npy,0.7122787899439974,target,ensemble_mean,0.445,threshold,100
sub04_sess3_epoch046.npy,0.39912524992520254,background,ensemble_mean,0.445,threshold,100
sub04_sess3_epoch047.npy,0.36949093128384,background,ensemble_mean,0.445,threshold,100
sub04_sess3_epoch049.npy,0.08569696189262703,background,ensemble_mean,0.445,threshold,100
sub04_sess3_epoch052.npy,0.3243454560990873,background,ensemble_mean,0.445,threshold,100
sub04_sess3_epoch053.npy,0.5645360027923273,target,ensemble_mean,0.445,threshold,100
sub04_sess3_epoch055.npy,0.4205249651974345,background,ensemble_mean,0.445,threshold,100
sub04_sess3_epoch056.npy,0.6270639267854415,target,ensemble_mean,0.445,threshold,100
sub04_sess3_epoch058.npy,0.08548071344457685,background,ensemble_mean,0.445,threshold,100
sub04_sess3_epoch060.npy,0.8971660080927168,target,ensemble_mean,0.445,threshold,100
sub04_sess3_epoch062.npy,0.19308675981270151,background,ensemble_mean,0.445,threshold,100
sub04_sess3_epoch064.npy,0.20513476859126337,background,ensemble_mean,0.445,threshold,100
sub04_sess3_epoch066.npy,0.9509056562870135,target,ensemble_mean,0.445,threshold,100
sub04_sess3_epoch067.npy,0.20462994927701622,background,ensemble_mean,0.445,threshold,100
sub04_sess3_epoch068.npy,0.9277117425228468,target,ensemble_mean,0.445,threshold,100
sub04_sess3_epoch070.npy,0.9335426151334909,target,ensemble_mean,0.445,threshold,100
sub04_sess3_epoch072.npy,0.2866145843216527,background,ensemble_mean,0.445,threshold,100
sub04_sess3_epoch073.npy,0.4020844196704162,background,ensemble_mean,0.445,threshold,100
sub04_sess3_epoch075.npy,0.6229093497149204,target,ensemble_mean,0.445,threshold,100
sub04_sess3_epoch076.npy,0.1115552087948027,background,ensemble_mean,0.445,threshold,100
sub04_sess3_epoch078.npy,0.19971698177133365,background,ensemble_mean,0.445,threshold,100
sub04_sess3_epoch079.npy,0.2835235036181031,background,ensemble_mean,0.445,threshold,100
sub04_sess3_epoch082.npy,0.6588458163381034,target,ensemble_mean,0.445,threshold,100
sub04_sess3_epoch083.npy,0.24040831172151772,background,ensemble_mean,0.445,threshold,100
sub04_sess3_epoch085.npy,0.2484273813716001,background,ensemble_mean,0.445,threshold,100
sub04_sess3_epoch086.npy,0.39305828268746695,background,ensemble_mean,0.445,threshold,100
sub04_sess3_epoch088.npy,0.7683967067072306,target,ensemble_mean,0.445,threshold,100
sub04_sess3_epoch089.npy,0.5043224935955448,target,ensemble_mean,0.445,threshold,100
sub04_sess3_epoch092.npy,0.12448220003191257,background,ensemble_mean,0.445,threshold,100
sub04_sess3_epoch094.npy,0.1788219867851829,background,ensemble_mean,0.445,threshold,100
sub04_sess3_epoch095.npy,0.47248093458604623,target,ensemble_mean,0.445,threshold,100
sub04_sess3_epoch097.npy,0.44391099491773434,background,ensemble_mean,0.445,threshold,100
sub04_sess3_epoch098.npy,0.5527036012829283,target,ensemble_mean,0.445,threshold,100
sub04_sess3_epoch100.npy,0.8499245590353173,target,ensemble_mean,0.445,threshold,100
sub04_sess3_epoch102.npy,0.5209660059054151,target,ensemble_mean,0.445,threshold,100
sub04_sess3_epoch103.npy,0.7078949186751979,target,ensemble_mean,0.445,threshold,100
sub04_sess3_epoch105.npy,0.9691698232289852,target,ensemble_mean,0.445,threshold,100
sub04_sess3_epoch106.npy,0.1513576560788214,background,ensemble_mean,0.445,threshold,100
sub04_sess3_epoch107.npy,0.9386847250013728,target,ensemble_mean,0.445,threshold,100
sub04_sess3_epoch109.npy,0.056941926284146446,background,ensemble_mean,0.445,threshold,100
sub04_sess3_epoch112.npy,0.32390147397160785,background,ensemble_mean,0.445,threshold,100
sub04_sess3_epoch113.npy,0.2950665064133171,background,ensemble_mean,0.445,threshold,100
sub04_sess3_epoch115.npy,0.7861920704895325,target,ensemble_mean,0.445,threshold,100
sub04_sess3_epoch116.npy,0.15731020087152509,background,ensemble_mean,0.445,threshold,100
sub04_sess3_epoch118.npy,0.1509857168168679,background,ensemble_mean,0.445,threshold,100
sub04_sess3_epoch120.npy,0.8348449999352365,target,ensemble_mean,0.445,threshold,100
sub04_sess3_epoch122.npy,0.6182699749007015,target,ensemble_mean,0.445,threshold,100
sub04_sess3_epoch123.npy,0.8906906183700244,target,ensemble_mean,0.445,threshold,100
sub04_sess3_epoch125.npy,0.3541693956194675,background,ensemble_mean,0.445,threshold,100
sub04_sess3_epoch126.npy,0.8223125243745806,target,ensemble_mean,0.445,threshold,100
sub04_sess3_epoch128.npy,0.43959943174083316,background,ensemble_mean,0.445,threshold,100
sub04_sess3_epoch129.npy,0.4300904639607963,background,ensemble_mean,0.445,threshold,100
sub04_sess3_epoch132.npy,0.24769763906745562,background,ensemble_mean,0.445,threshold,100
sub04_sess3_epoch133.npy,0.5217259968173066,target,ensemble_mean,0.445,threshold,100
sub04_sess3_epoch135.npy,0.47948440160507905,target,ensemble_mean,0.445,threshold,100
sub04_sess3_epoch136.npy,0.2764027355613906,background,ensemble_mean,0.445,threshold,100
sub04_sess3_epoch138.npy,0.381942606964353,background,ensemble_mean,0.445,threshold,100
sub04_sess3_epoch139.npy,0.3889217761667466,background,ensemble_mean,0.445,threshold,100
sub04_sess3_epoch142.npy,0.9327778910706087,target,ensemble_mean,0.445,threshold,100
sub04_sess3_epoch143.npy,0.036878332325419566,background,ensemble_mean,0.445,threshold,100
sub04_sess3_epoch144.npy,0.9721203093033408,target,ensemble_mean,0.445,threshold,100
sub04_sess3_epoch146.npy,0.24055062645045627,background,ensemble_mean,0.445,threshold,100
sub04_sess3_epoch147.npy,0.1677839655340307,background,ensemble_mean,0.445,threshold,100
sub04_sess3_epoch149.npy,0.1271740216028281,background,ensemble_mean,0.445,threshold,100
sub04_sess3_epoch152.npy,0.634110310517749,target,ensemble_mean,0.445,threshold,100
sub04_sess3_epoch153.npy,0.5609866071744655,target,ensemble_mean,0.445,threshold,100
sub04_sess3_epoch155.npy,0.0647731583731766,background,ensemble_mean,0.445,threshold,100
sub04_sess3_epoch157.npy,0.4340208069391835,background,ensemble_mean,0.445,threshold,100
sub04_sess3_epoch158.npy,0.31152897843650573,background,ensemble_mean,0.445,threshold,100
sub04_sess3_epoch160.npy,0.9505120840061665,target,ensemble_mean,0.445,threshold,100
sub04_sess3_epoch162.npy,0.3383617570732138,background,ensemble_mean,0.445,threshold,100
sub04_sess3_epoch163.npy,0.3456779198108814,background,ensemble_mean,0.445,threshold,100
sub04_sess3_epoch165.npy,0.4287697888734218,background,ensemble_mean,0.445,threshold,100
sub04_sess3_epoch166.npy,0.1830741201504984,background,ensemble_mean,0.445,threshold,100
sub04_sess3_epoch168.npy,0.1102248118751796,background,ensemble_mean,0.445,threshold,100
sub04_sess3_epoch169.npy,0.7317050035558734,target,ensemble_mean,0.445,threshold,100
sub04_sess3_epoch172.npy,0.17177033928365668,background,ensemble_mean,0.445,threshold,100
sub04_sess3_epoch173.npy,0.12243351963516644,background,ensemble_mean,0.445,threshold,100
sub04_sess3_epoch175.npy,0.06615019501915934,background,ensemble_mean,0.445,threshold,100
sub04_sess3_epoch177.npy,0.9431383634235176,target,ensemble_mean,0.445,threshold,100
sub04_sess3_epoch178.npy,0.09067437305707668,background,ensemble_mean,0.445,threshold,100
sub04_sess3_epoch179.npy,0.9598581500438259,target,ensemble_mean,0.445,threshold,100
sub04_sess3_epoch182.npy,0.11839854507998733,background,ensemble_mean,0.445,threshold,100
sub04_sess3_epoch184.npy,0.1536617771438223,background,ensemble_mean,0.445,threshold,100
sub04_sess3_epoch185.npy,0.24102588812372677,background,ensemble_mean,0.445,threshold,100
sub04_sess3_epoch187.npy,0.967856266091405,target,ensemble_mean,0.445,threshold,100
sub04_sess3_epoch188.npy,0.6573221348581777,target,ensemble_mean,0.445,threshold,100
sub04_sess3_epoch189.npy,0.9664257628011041,target,ensemble_mean,0.445,threshold,100
sub04_sess3_epoch192.npy,0.9126422658867839,target,ensemble_mean,0.445,threshold,100
sub04_sess3_epoch193.npy,0.12398468125862809,background,ensemble_mean,0.445,threshold,100
sub04_sess3_epoch195.npy,0.4226734945726891,background,ensemble_mean,0.445,threshold,100
sub04_sess3_epoch196.npy,0.5673564464960615,target,ensemble_mean,0.445,threshold,100
sub04_sess3_epoch198.npy,0.3166412614021631,background,ensemble_mean,0.445,threshold,100
sub04_sess3_epoch199.npy,0.36082540531142404,background,ensemble_mean,0.445,threshold,100
sub04_sess3_epoch202.npy,0.6641340015044443,target,ensemble_mean,0.445,threshold,100
sub04_sess3_epoch203.npy,0.6385713373890864,target,ensemble_mean,0.445,threshold,100
sub04_sess3_epoch205.npy,0.3992545943165277,background,ensemble_mean,0.445,threshold,100
sub04_sess3_epoch206.npy,0.14642313684850566,background,ensemble_mean,0.445,threshold,100
sub04_sess3_epoch208.npy,0.11695812569643071,background,ensemble_mean,0.445,threshold,100
sub04_sess3_epoch210.npy,0.9326950303328605,target,ensemble_mean,0.445,threshold,100
sub04_sess3_epoch212.npy,0.325280069963022,background,ensemble_mean,0.445,threshold,100
sub04_sess3_epoch213.npy,0.7118700668678714,target,ensemble_mean,0.445,threshold,100
sub04_sess3_epoch215.npy,0.9731959473639966,target,ensemble_mean,0.445,threshold,100
sub04_sess3_epoch216.npy,0.22100786435869146,background,ensemble_mean,0.445,threshold,100
sub04_sess3_epoch217.npy,0.9001370016820133,target,ensemble_mean,0.445,threshold,100
sub04_sess3_epoch219.npy,0.26054069359237625,background,ensemble_mean,0.445,threshold,100
sub04_sess3_epoch222.npy,0.08168116820792151,background,ensemble_mean,0.445,threshold,100
sub04_sess3_epoch224.npy,0.5620911171405794,target,ensemble_mean,0.445,threshold,100
sub04_sess3_epoch225.npy,0.7127694790141847,target,ensemble_mean,0.445,threshold,100
sub04_sess3_epoch227.npy,0.9673791386641151,target,ensemble_mean,0.445,threshold,100
sub04_sess3_epoch228.npy,0.18073373146540778,background,ensemble_mean,0.445,threshold,100
sub04_sess3_epoch229.npy,0.9475787483684865,target,ensemble_mean,0.445,threshold,100
sub04_sess3_epoch232.npy,0.08705403181489471,background,ensemble_mean,0.445,threshold,100
sub04_sess3_epoch234.npy,0.8157187187915185,target,ensemble_mean,0.445,threshold,100
sub04_sess3_epoch235.npy,0.16321194873393505,background,ensemble_mean,0.445,threshold,100
sub04_sess3_epoch237.npy,0.626992706977769,target,ensemble_mean,0.445,threshold,100
sub04_sess3_epoch238.npy,0.2758113455011871,background,ensemble_mean,0.445,threshold,100
sub04_sess3_epoch240.npy,0.9080674282893602,target,ensemble_mean,0.445,threshold,100
sub04_sess3_epoch242.npy,0.6602839000890401,target,ensemble_mean,0.445,threshold,100
sub04_sess3_epoch243.npy,0.6896941304330788,target,ensemble_mean,0.445,threshold,100
sub04_sess3_epoch245.npy,0.23093551735103515,background,ensemble_mean,0.445,threshold,100
sub04_sess3_epoch246.npy,0.7143564133701512,target,ensemble_mean,0.445,threshold,100
sub04_sess3_epoch248.npy,0.6883191483992209,target,ensemble_mean,0.445,threshold,100
sub04_sess3_epoch249.npy,0.23249359895463143,background,ensemble_mean,0.445,threshold,100
sub04_sess3_epoch252.npy,0.07141128326921833,background,ensemble_mean,0.445,threshold,100
sub04_sess3_epoch254.npy,0.3509020618120381,background,ensemble_mean,0.445,threshold,100
sub04_sess3_epoch255.npy,0.1475323623889838,background,ensemble_mean,0.445,threshold,100
sub04_sess3_epoch257.npy,0.3393352470922008,background,ensemble_mean,0.445,threshold,100
sub04_sess3_epoch258.npy,0.5422319048885765,target,ensemble_mean,0.445,threshold,100
sub04_sess3_epoch260.npy,0.8755415618963186,target,ensemble_mean,0.445,threshold,100
sub04_sess3_epoch262.npy,0.09867941292487754,background,ensemble_mean,0.445,threshold,100
sub04_sess3_epoch265.npy,0.09134798805685528,background,ensemble_mean,0.445,threshold,100
sub04_sess3_epoch266.npy,0.5306335627283508,target,ensemble_mean,0.445,threshold,100
sub04_sess3_epoch268.npy,0.2816544934441788,background,ensemble_mean,0.445,threshold,100
sub04_sess3_epoch269.npy,0.18982488171943374,background,ensemble_mean,0.445,threshold,100
sub04_sess3_epoch272.npy,0.06448547537430024,background,ensemble_mean,0.445,threshold,100
sub04_sess3_epoch274.npy,0.9765908557055669,target,ensemble_mean,0.445,threshold,100
sub04_sess3_epoch275.npy,0.15706668089827852,background,ensemble_mean,0.445,threshold,100
sub04_sess3_epoch276.npy,0.9620992710892938,target,ensemble_mean,0.445,threshold,100
sub04_sess3_epoch278.npy,0.29777647990845746,background,ensemble_mean,0.445,threshold,100
sub04_sess3_epoch280.npy,0.8579851505264863,target,ensemble_mean,0.445,threshold,100
sub04_sess3_epoch282.npy,0.34054020617249525,background,ensemble_mean,0.445,threshold,100
sub04_sess3_epoch283.npy,0.5025890815959,target,ensemble_mean,0.445,threshold,100
sub04_sess3_epoch285.npy,0.27671630813821463,background,ensemble_mean,0.445,threshold,100
sub04_sess3_epoch286.npy,0.6221326564219687,target,ensemble_mean,0.445,threshold,100
sub04_sess3_epoch288.npy,0.6815848127984212,target,ensemble_mean,0.445,threshold,100
sub04_sess3_epoch289.npy,0.425780091342283,background,ensemble_mean,0.445,threshold,100
sub04_sess3_epoch292.npy,0.4656462881483372,target,ensemble_mean,0.445,threshold,100
sub04_sess3_epoch293.npy,0.47123519291562666,target,ensemble_mean,0.445,threshold,100
sub04_sess3_epoch295.npy,0.5813425262480754,target,ensemble_mean,0.445,threshold,100
sub04_sess3_epoch296.npy,0.23812216101120623,background,ensemble_mean,0.445,threshold,100
sub04_sess3_epoch298.npy,0.08117081376275428,background,ensemble_mean,0.445,threshold,100
sub04_sess3_epoch300.npy,0.9186898267931415,target,ensemble_mean,0.445,threshold,100
sub05_sess3_epoch002.npy,0.33605963473099776,background,ensemble_mean,0.445,threshold,100
sub05_sess3_epoch003.npy,0.8058093014996247,target,ensemble_mean,0.445,threshold,100
sub05_sess3_epoch005.npy,0.19485307308347752,background,ensemble_mean,0.445,threshold,100
sub05_sess3_epoch007.npy,0.47043079537125215,target,ensemble_mean,0.445,threshold,100
sub05_sess3_epoch008.npy,0.5220081064198638,target,ensemble_mean,0.445,threshold,100
sub05_sess3_epoch010.npy,0.8846970941779695,target,ensemble_mean,0.445,threshold,100
sub05_sess3_epoch012.npy,0.6850263800112797,target,ensemble_mean,0.445,threshold,100
sub05_sess3_epoch013.npy,0.4645271941668717,target,ensemble_mean,0.445,threshold,100
sub05_sess3_epoch015.npy,0.3300383263462931,background,ensemble_mean,0.445,threshold,100
sub05_sess3_epoch017.npy,0.7016198671818656,target,ensemble_mean,0.445,threshold,100
sub05_sess3_epoch018.npy,0.3419686558674121,background,ensemble_mean,0.445,threshold,100
sub05_sess3_epoch020.npy,0.9308952555314164,target,ensemble_mean,0.445,threshold,100
sub05_sess3_epoch022.npy,0.051800616317137546,background,ensemble_mean,0.445,threshold,100
sub05_sess3_epoch024.npy,0.2901481708835174,background,ensemble_mean,0.445,threshold,100
sub05_sess3_epoch025.npy,0.32552203259411217,background,ensemble_mean,0.445,threshold,100
sub05_sess3_epoch027.npy,0.8965492191373514,target,ensemble_mean,0.445,threshold,100
sub05_sess3_epoch028.npy,0.3133810523536459,background,ensemble_mean,0.445,threshold,100
sub05_sess3_epoch030.npy,0.8897161062353373,target,ensemble_mean,0.445,threshold,100
sub05_sess3_epoch032.npy,0.15257290616149008,background,ensemble_mean,0.445,threshold,100
sub05_sess3_epoch034.npy,0.21730867513976748,background,ensemble_mean,0.445,threshold,100
sub05_sess3_epoch035.npy,0.2712428911306739,background,ensemble_mean,0.445,threshold,100
sub05_sess3_epoch038.npy,0.21241975931839932,background,ensemble_mean,0.445,threshold,100
sub05_sess3_epoch040.npy,0.9352514918338114,target,ensemble_mean,0.445,threshold,100
sub05_sess3_epoch042.npy,0.4177696764278015,background,ensemble_mean,0.445,threshold,100
sub05_sess3_epoch043.npy,0.3786310575455958,background,ensemble_mean,0.445,threshold,100
sub05_sess3_epoch045.npy,0.7336109579218182,target,ensemble_mean,0.445,threshold,100
sub05_sess3_epoch046.npy,0.6922118529769687,target,ensemble_mean,0.445,threshold,100
sub05_sess3_epoch048.npy,0.6903878821292164,target,ensemble_mean,0.445,threshold,100
sub05_sess3_epoch049.npy,0.27695649891005053,background,ensemble_mean,0.445,threshold,100
sub05_sess3_epoch052.npy,0.4771314097186875,target,ensemble_mean,0.445,threshold,100
sub05_sess3_epoch053.npy,0.14066347744346427,background,ensemble_mean,0.445,threshold,100
sub05_sess3_epoch055.npy,0.15787588500643085,background,ensemble_mean,0.445,threshold,100
sub05_sess3_epoch057.npy,0.5050504589910825,target,ensemble_mean,0.445,threshold,100
sub05_sess3_epoch058.npy,0.1534982559509108,background,ensemble_mean,0.445,threshold,100
sub05_sess3_epoch060.npy,0.9367931783500977,target,ensemble_mean,0.445,threshold,100
sub05_sess3_epoch062.npy,0.9738193911736828,target,ensemble_mean,0.445,threshold,100
sub05_sess3_epoch063.npy,0.22405345839799057,background,ensemble_mean,0.445,threshold,100
sub05_sess3_epoch064.npy,0.9492708692245937,target,ensemble_mean,0.445,threshold,100
sub05_sess3_epoch066.npy,0.11472291767964737,background,ensemble_mean,0.445,threshold,100
sub05_sess3_epoch068.npy,0.5439498324321483,target,ensemble_mean,0.445,threshold,100
sub05_sess3_epoch069.npy,0.2029939741123971,background,ensemble_mean,0.445,threshold,100
sub05_sess3_epoch072.npy,0.5538886848486945,target,ensemble_mean,0.445,threshold,100
sub05_sess3_epoch073.npy,0.26273047869686417,background,ensemble_mean,0.445,threshold,100
sub05_sess3_epoch075.npy,0.09825509841243771,background,ensemble_mean,0.445,threshold,100
sub05_sess3_epoch077.npy,0.6444575322181831,target,ensemble_mean,0.445,threshold,100
sub05_sess3_epoch078.npy,0.45407406810032536,target,ensemble_mean,0.445,threshold,100
sub05_sess3_epoch080.npy,0.8697802573986934,target,ensemble_mean,0.445,threshold,100
sub05_sess3_epoch082.npy,0.09999696972188979,background,ensemble_mean,0.445,threshold,100
sub05_sess3_epoch084.npy,0.44247797892952273,background,ensemble_mean,0.445,threshold,100
sub05_sess3_epoch085.npy,0.29192042778110905,background,ensemble_mean,0.445,threshold,100
sub05_sess3_epoch087.npy,0.5303274860077078,target,ensemble_mean,0.445,threshold,100
sub05_sess3_epoch088.npy,0.43350252356829416,background,ensemble_mean,0.445,threshold,100
sub05_sess3_epoch090.npy,0.8218544284743563,target,ensemble_mean,0.445,threshold,100
sub05_sess3_epoch092.npy,0.18560978236919343,background,ensemble_mean,0.445,threshold,100
sub05_sess3_epoch093.npy,0.5565227437144917,target,ensemble_mean,0.445,threshold,100
sub05_sess3_epoch095.npy,0.08156968957939237,background,ensemble_mean,0.445,threshold,100
sub05_sess3_epoch097.npy,0.42592230539237474,background,ensemble_mean,0.445,threshold,100
sub05_sess3_epoch098.npy,0.6739897769425885,target,ensemble_mean,0.445,threshold,100
sub05_sess3_epoch100.npy,0.9432138977883644,target,ensemble_mean,0.445,threshold,100
sub05_sess3_epoch102.npy,0.2588687988126542,background,ensemble_mean,0.445,threshold,100
sub05_sess3_epoch103.npy,0.4308888409123899,background,ensemble_mean,0.445,threshold,100
sub05_sess3_epoch105.npy,0.8208405915853106,target,ensemble_mean,0.445,threshold,100
sub05_sess3_epoch106.npy,0.48715932268463025,target,ensemble_mean,0.445,threshold,100
sub05_sess3_epoch108.npy,0.17376834354039816,background,ensemble_mean,0.445,threshold,100
sub05_sess3_epoch110.npy,0.93408997655508,target,ensemble_mean,0.445,threshold,100
sub05_sess3_epoch112.npy,0.11078046423515904,background,ensemble_mean,0.445,threshold,100
sub05_sess3_epoch115.npy,0.049783659620350654,background,ensemble_mean,0.445,threshold,100
sub05_sess3_epoch117.npy,0.05016092002332354,background,ensemble_mean,0.445,threshold,100
sub05_sess3_epoch123.npy,0.10667213700510918,background,ensemble_mean,0.445,threshold,100
sub05_sess3_epoch125.npy,0.28830410230581494,background,ensemble_mean,0.445,threshold,100
sub05_sess3_epoch127.npy,0.38589064266490547,background,ensemble_mean,0.445,threshold,100
sub05_sess3_epoch128.npy,0.43013766404638865,background,ensemble_mean,0.445,threshold,100
sub05_sess3_epoch130.npy,0.9486494038506634,target,ensemble_mean,0.445,threshold,100
sub05_sess3_epoch133.npy,0.23811756875020382,background,ensemble_mean,0.445,threshold,100
sub05_sess3_epoch135.npy,0.2597777560169864,background,ensemble_mean,0.445,threshold,100
sub05_sess3_epoch136.npy,0.6117150839170803,target,ensemble_mean,0.445,threshold,100
sub05_sess3_epoch138.npy,0.06690964301921096,background,ensemble_mean,0.445,threshold,100
sub05_sess3_epoch140.npy,0.9283850604393653,target,ensemble_mean,0.445,threshold,100
sub05_sess3_epoch142.npy,0.9603999446660303,target,ensemble_mean,0.445,threshold,100
sub05_sess3_epoch143.npy,0.303710274700037,background,ensemble_mean,0.445,threshold,100
sub05_sess3_epoch144.npy,0.9782218624596106,target,ensemble_mean,0.445,threshold,100
sub05_sess3_epoch146.npy,0.5068741608108971,target,ensemble_mean,0.445,threshold,100
sub05_sess3_epoch148.npy,0.5907187583867236,target,ensemble_mean,0.445,threshold,100
sub05_sess3_epoch150.npy,0.9273270341688648,target,ensemble_mean,0.445,threshold,100
sub05_sess3_epoch152.npy,0.09939733102706803,background,ensemble_mean,0.445,threshold,100
sub05_sess3_epoch155.npy,0.055217914118100266,background,ensemble_mean,0.445,threshold,100
sub05_sess3_epoch158.npy,0.5910747582384094,target,ensemble_mean,0.445,threshold,100
sub05_sess3_epoch159.npy,0.17080727036516893,background,ensemble_mean,0.445,threshold,100
sub05_sess3_epoch162.npy,0.3005589226107036,background,ensemble_mean,0.445,threshold,100
sub05_sess3_epoch163.npy,0.7228634606130621,target,ensemble_mean,0.445,threshold,100
sub05_sess3_epoch165.npy,0.22141101666401714,background,ensemble_mean,0.445,threshold,100
sub05_sess3_epoch167.npy,0.25297710398729945,background,ensemble_mean,0.445,threshold,100
sub05_sess3_epoch168.npy,0.582383437784949,target,ensemble_mean,0.445,threshold,100
sub05_sess3_epoch170.npy,0.9286503871785208,target,ensemble_mean,0.445,threshold,100
sub05_sess3_epoch172.npy,0.6568252427630182,target,ensemble_mean,0.445,threshold,100
sub05_sess3_epoch173.npy,0.4088687101229557,background,ensemble_mean,0.445,threshold,100
sub05_sess3_epoch176.npy,0.1842358692222274,background,ensemble_mean,0.445,threshold,100
sub05_sess3_epoch178.npy,0.7559989185497551,target,ensemble_mean,0.445,threshold,100
sub05_sess3_epoch179.npy,0.3966880970803277,background,ensemble_mean,0.445,threshold,100
sub05_sess3_epoch183.npy,0.058992389015887506,background,ensemble_mean,0.445,threshold,100
sub05_sess3_epoch186.npy,0.0831730146963721,background,ensemble_mean,0.445,threshold,100
sub05_sess3_epoch188.npy,0.41591474687196917,background,ensemble_mean,0.445,threshold,100
sub05_sess3_epoch189.npy,0.5927424766607915,target,ensemble_mean,0.445,threshold,100
sub05_sess3_epoch192.npy,0.4153733729479344,background,ensemble_mean,0.445,threshold,100
sub05_sess3_epoch193.npy,0.17183523213406318,background,ensemble_mean,0.445,threshold,100
sub05_sess3_epoch195.npy,0.10148431499108576,background,ensemble_mean,0.445,threshold,100
sub05_sess3_epoch197.npy,0.2435314846460237,background,ensemble_mean,0.445,threshold,100
sub05_sess3_epoch198.npy,0.7050947912768716,target,ensemble_mean,0.445,threshold,100
sub05_sess3_epoch200.npy,0.9214159654935798,target,ensemble_mean,0.445,threshold,100
sub05_sess3_epoch203.npy,0.8217255407664471,target,ensemble_mean,0.445,threshold,100
sub05_sess3_epoch204.npy,0.4304228924670109,background,ensemble_mean,0.445,threshold,100
sub05_sess3_epoch206.npy,0.1331432608316079,background,ensemble_mean,0.445,threshold,100
sub05_sess3_epoch208.npy,0.6106936173535107,target,ensemble_mean,0.445,threshold,100
sub05_sess3_epoch209.npy,0.6668672019475907,target,ensemble_mean,0.445,threshold,100
sub05_sess3_epoch213.npy,0.07650646533211106,background,ensemble_mean,0.445,threshold,100
sub05_sess3_epoch215.npy,0.454765504798542,target,ensemble_mean,0.445,threshold,100
sub05_sess3_epoch217.npy,0.948654426688481,target,ensemble_mean,0.445,threshold,100
sub05_sess3_epoch218.npy,0.3386269653040605,background,ensemble_mean,0.445,threshold,100
sub05_sess3_epoch219.npy,0.9595484983452247,target,ensemble_mean,0.445,threshold,100
sub05_sess3_epoch223.npy,0.03206532771775295,background,ensemble_mean,0.445,threshold,100
sub05_sess3_epoch226.npy,0.03467251768954023,background,ensemble_mean,0.445,threshold,100
sub05_sess3_epoch228.npy,0.090654435461062,background,ensemble_mean,0.445,threshold,100
sub05_sess3_epoch232.npy,0.13186437054295289,background,ensemble_mean,0.445,threshold,100
sub05_sess3_epoch234.npy,0.7011894204731293,target,ensemble_mean,0.445,threshold,100
sub05_sess3_epoch235.npy,0.3295527366213743,background,ensemble_mean,0.445,threshold,100
sub05_sess3_epoch238.npy,0.19347589955059022,background,ensemble_mean,0.445,threshold,100
sub05_sess3_epoch242.npy,0.9569759563635027,target,ensemble_mean,0.445,threshold,100
sub05_sess3_epoch243.npy,0.4228280857863057,background,ensemble_mean,0.445,threshold,100
sub05_sess3_epoch244.npy,0.9864696794280242,target,ensemble_mean,0.445,threshold,100
sub05_sess3_epoch246.npy,0.13475176114433332,background,ensemble_mean,0.445,threshold,100
sub05_sess3_epoch248.npy,0.15347785778084672,background,ensemble_mean,0.445,threshold,100
sub05_sess3_epoch250.npy,0.9728202296834073,target,ensemble_mean,0.445,threshold,100
sub05_sess3_epoch252.npy,0.4155062948327334,background,ensemble_mean,0.445,threshold,100
sub05_sess3_epoch253.npy,0.8045793112715008,target,ensemble_mean,0.445,threshold,100
sub05_sess3_epoch255.npy,0.09803076174496882,background,ensemble_mean,0.445,threshold,100
sub05_sess3_epoch257.npy,0.27132431393480594,background,ensemble_mean,0.445,threshold,100
sub05_sess3_epoch258.npy,0.4625921280332698,target,ensemble_mean,0.445,threshold,100
sub05_sess3_epoch260.npy,0.9449283976281544,target,ensemble_mean,0.445,threshold,100
sub05_sess3_epoch263.npy,0.17738695229756146,background,ensemble_mean,0.445,threshold,100
sub05_sess3_epoch266.npy,0.09285011556447864,background,ensemble_mean,0.445,threshold,100
sub05_sess3_epoch268.npy,0.20401436105208076,background,ensemble_mean,0.445,threshold,100
sub05_sess3_epoch272.npy,0.6448435123404621,target,ensemble_mean,0.445,threshold,100
sub05_sess3_epoch273.npy,0.4044422879771032,background,ensemble_mean,0.445,threshold,100
sub05_sess3_epoch276.npy,0.1586536056909496,background,ensemble_mean,0.445,threshold,100
sub05_sess3_epoch279.npy,0.09907880909977099,background,ensemble_mean,0.445,threshold,100
sub05_sess3_epoch282.npy,0.04760438761337513,background,ensemble_mean,0.445,threshold,100
sub05_sess3_epoch284.npy,0.3134093625275822,background,ensemble_mean,0.445,threshold,100
sub05_sess3_epoch285.npy,0.8878632621321266,target,ensemble_mean,0.445,threshold,100
sub05_sess3_epoch287.npy,0.3117906337178243,background,ensemble_mean,0.445,threshold,100
sub05_sess3_epoch288.npy,0.758207517104118,target,ensemble_mean,0.445,threshold,100
sub05_sess3_epoch290.npy,0.9229513361900479,target,ensemble_mean,0.445,threshold,100
sub05_sess3_epoch293.npy,0.43861111323227037,background,ensemble_mean,0.445,threshold,100
sub05_sess3_epoch294.npy,0.3552317885101619,background,ensemble_mean,0.445,threshold,100
sub05_sess3_epoch297.npy,0.11225825871913298,background,ensemble_mean,0.445,threshold,100
sub05_sess3_epoch299.npy,0.34898827494168716,background,ensemble_mean,0.445,threshold,100
